[Header],,,,,,,,,,
IEMFileVersion,4,,,,,,,,,
Investigator Name,Fowler_NP_IH_GB,,,,,,,,,
Project Name,IH_CSR_run1_GB_G6PD33x,,,,,,,,,
Experiment Name,,,,,,,,,,
Date,02/03/23,,,,,,,,,
Workflow,Resequencing,,,,,,,,,
Application,TruSeq DNA/RNA,,,,,,,,,
Assay,TruSeq DNA/RNA,,,,,,,,,
Description,,,,,,,,,,
Chemistry,Amplicon,,,,,,,,,
,,,,,,,,,,
[Reads],,,,,,,,,,
,,,,,,,,,,
,,,,,,,,,,
[Settings],,,,,,,,,
OnlyGenerateFASTQ,1,,,,,,,,,
[Data],,,,,,,,,,
Sample_ID,Sample_Name,Sample_Plate,Sample_Well,I7_Index_ID,index,I5_Index_ID,index2,Sample_Project,Description,GenomeFolder
1,Aa,,,JS391,ATGAGTAC,JS1000,TATCATGT,,,
2,Ab,,,JS392,GTATAGAG,JS1000,TATCATGT,,,
3,B1a,,,JS393,TCGAGAAT,JS1000,TATCATGT,,,
4,B1b,,,JS394,ATAGATTG,JS1000,TATCATGT,,,
5,B2a,,,JS393,TCGAGAAT,JS1001,GAAAATAT,,,
6,B2b,,,JS394,ATAGATTG,JS1001,GAAAATAT,,,
7,B3a,,,JS393,TCGAGAAT,JS1002,TGAAAGGG,,,
8,B3b,,,JS394,ATAGATTG,JS1002,TGAAAGGG,,,
9,C1a,,,JS395,GTCGCTCG,JS1000,TATCATGT,,,
10,C1b,,,JS396,ATAATCGA,JS1000,TATCATGT,,,
11,C2a,,,JS395,GTCGCTCG,JS1001,GAAAATAT,,,
12,C2b,,,JS396,ATAATCGA,JS1001,GAAAATAT,,,
13,C3a,,,JS395,GTCGCTCG,JS1002,TGAAAGGG,,,
14,C3b,,,JS396,ATAATCGA,JS1002,TGAAAGGG,,,
15,D1a,,,JS399,ACGCTGTG,JS1000,TATCATGT,,,
16,D1b,,,JS400,CACTATGC,JS1000,TATCATGT,,,
17,D2a,,,JS399,ACGCTGTG,JS1001,GAAAATAT,,,
18,D2b,,,JS400,CACTATGC,JS1001,GAAAATAT,,,
19,D3a,,,JS399,ACGCTGTG,JS1002,TGAAAGGG,,,
20,D3b,,,JS400,CACTATGC,JS1002,TGAAAGGG,,,
21,E1a,,,JS401,TCCGTTTT,JS1000,TATCATGT,,,
22,E1b,,,JS402,TCAGCAAC,JS1000,TATCATGT,,,
23,E2a,,,JS401,TCCGTTTT,JS1001,GAAAATAT,,,
24,E2b,,,JS402,TCAGCAAC,JS1001,GAAAATAT,,,
25,E3a,,,JS401,TCCGTTTT,JS1002,TGAAAGGG,,,
26,E3b,,,JS402,TCAGCAAC,JS1002,TGAAAGGG,,,
27,GB,,,GB1,TGCGTTTT,GB2,GTTCCTGG,,,
